{
  "type": "minecraft:waterlogged_vegetation_patch",
  "config": {
    "surface": "floor",
    "depth": 2,
    "vertical_range": 5,
    "extra_bottom_block_chance": 0,
    "extra_edge_column_chance": 0.3,
    "vegetation_chance": 0.08,
    "xz_radius": {
      "type": "minecraft:uniform",
      "value": {
        "min_inclusive": 7,
        "max_inclusive": 10
      }
    },
    "replaceable": "#minecraft:base_stone_overworld",
    "ground_state": {
      "type": "minecraft:noise_provider",
      "seed": 0,
      "noise": {
        "firstOctave": -3,
        "amplitudes": [
          1
        ]
      },
      "scale": 1,
      "states": [
        {
          "Name": "minecraft:clay"
        },
        {
          "Name": "minecraft:mud"
        }
      ]
    },
    "vegetation_feature": {
      "feature": {
        "type": "minecraft:random_selector",
        "config": {
          "features": [
            {
              "chance": 0.1,
              "feature": {
                "feature": "minecraft:patch_dead_bush",
                "placement": []
              }
            }
          ],
          "default": {
            "feature": "minecraft:dripleaf",
            "placement": []
          }
        }
      },
      "placement": []
    }
  }
}
