{
	"credit": "End_Rage waz here",
	"textures": {
		"0": "cgm:items/3d_textures/rifle",
		"particle": "cgm:items/3d_textures/rifle"
	},
	"elements": [
		{
			"from": [7.5, 3, 0],
			"to": [8.5, 4, 5.5],
			"rotation": {"angle": 0, "axis": "y", "origin": [8, 3, 10]},
			"faces": {
				"north": {"uv": [4, 3.5, 5, 1], "texture": "#0"},
				"east": {"uv": [1, 3.5, 2, 9], "rotation": 90, "texture": "#0"},
				"west": {"uv": [2, 9, 3, 3.5], "rotation": 90, "texture": "#0"},
				"up": {"uv": [0, 3.5, 1, 9], "texture": "#0"},
				"down": {"uv": [3, 9, 4, 3.5], "texture": "#0"}
			}
		},
		{
			"from": [7.5, 3, -3.5],
			"to": [8.5, 4, -0.5],
			"rotation": {"angle": 0, "axis": "y", "origin": [8, 3, 10]},
			"faces": {
				"north": {"uv": [4, 0, 5, 0], "texture": "#0"},
				"east": {"uv": [1, 0, 2, 3], "rotation": 90, "texture": "#0"},
				"west": {"uv": [2, 3, 3, 0], "rotation": 90, "texture": "#0"},
				"up": {"uv": [0, 0, 1, 3], "texture": "#0"},
				"down": {"uv": [3, 3, 4, 0], "texture": "#0"}
			}
		},
		{
			"from": [7.5, 3, -0.5],
			"to": [8.5, 4, 0],
			"rotation": {"angle": 0, "axis": "y", "origin": [8, 3, 10]},
			"faces": {
				"north": {"uv": [4, 3, 5, 0.5], "texture": "#0", "tintindex": 0},
				"east": {"uv": [1, 3, 2, 3.5], "rotation": 90, "texture": "#0", "tintindex": 0},
				"west": {"uv": [2, 3.5, 3, 3], "rotation": 90, "texture": "#0", "tintindex": 0},
				"up": {"uv": [0, 3, 1, 3.5], "texture": "#0", "tintindex": 0},
				"down": {"uv": [3, 3.5, 4, 3], "texture": "#0", "tintindex": 0}
			}
		},
		{
			"from": [7.5, 3, 10.5],
			"to": [8.5, 4, 15],
			"rotation": {"angle": 0, "axis": "y", "origin": [8, 3, 26]},
			"faces": {
				"east": {"uv": [1, 9.5, 2, 15], "rotation": 90, "texture": "#0"},
				"west": {"uv": [2, 15, 3, 9.5], "rotation": 90, "texture": "#0"},
				"up": {"uv": [0, 9.5, 1, 15], "texture": "#0"},
				"down": {"uv": [3, 15, 4, 9.5], "texture": "#0"}
			}
		},
		{
			"from": [7.5, 3, 16],
			"to": [8.5, 4, 16.5],
			"rotation": {"angle": 0, "axis": "y", "origin": [8, 3, 26]},
			"faces": {
				"north": {"uv": [2, 9.5, 3, 10.5], "texture": "#0"},
				"east": {"uv": [1, 9.5, 1.5, 10.5], "texture": "#0"},
				"south": {"uv": [2, 11, 3, 12], "texture": "#0"},
				"west": {"uv": [0.5, 9.5, 1, 10.5], "texture": "#0"},
				"up": {"uv": [0, 9.5, 1, 10], "texture": "#0"}
			}
		},
		{
			"from": [8.5, 3.5, 15.24375],
			"to": [9.5, 4, 15.25625],
			"rotation": {"angle": 0, "axis": "y", "origin": [8, 3, 26]},
			"faces": {
				"north": {"uv": [5, 4, 4, 4.5], "texture": "#0"},
				"south": {"uv": [4, 4, 5, 4.5], "texture": "#0"}
			}
		},
		{
			"from": [7.5, 3, 15],
			"to": [8.5, 4, 15.5],
			"rotation": {"angle": 0, "axis": "y", "origin": [8, 3, 26]},
			"faces": {
				"north": {"uv": [2, 9.5, 3, 10.5], "texture": "#0"},
				"east": {"uv": [1, 9.5, 1.5, 10.5], "texture": "#0"},
				"south": {"uv": [0, 9.5, 1, 10.5], "texture": "#0"},
				"west": {"uv": [0.5, 9.5, 1, 10.5], "texture": "#0"},
				"up": {"uv": [0, 9.5, 1, 10], "texture": "#0"}
			}
		},
		{
			"from": [7.6, 3.1, 15.5],
			"to": [8.4, 3.9, 16],
			"rotation": {"angle": 0, "axis": "y", "origin": [8, 3, 26]},
			"faces": {
				"north": {"uv": [2.5, 9.5, 3.5, 10.5], "texture": "#0"},
				"east": {"uv": [1.5, 9.5, 2, 10.5], "texture": "#0"},
				"south": {"uv": [0.5, 9.5, 1.5, 10.5], "texture": "#0"},
				"west": {"uv": [1, 9.5, 1.5, 10.5], "texture": "#0"},
				"up": {"uv": [0.5, 9.5, 1, 10.5], "rotation": 90, "texture": "#0"}
			}
		},
		{
			"from": [7.4, 2.9, 10.5],
			"to": [8.6, 4.1, 15],
			"rotation": {"angle": 0, "axis": "y", "origin": [8, 3, 26]},
			"faces": {
				"east": {"uv": [13, 0, 14, 3.5], "rotation": 90, "texture": "#0", "tintindex": 0},
				"south": {"uv": [13, 2.5, 14, 3.5], "texture": "#0", "tintindex": 0},
				"west": {"uv": [14, 3.5, 15, 0], "rotation": 90, "texture": "#0", "tintindex": 0},
				"up": {"uv": [12, 0, 13, 3.5], "texture": "#0", "tintindex": 0},
				"down": {"uv": [15, 3.5, 16, 0], "texture": "#0", "tintindex": 0}
			}
		},
		{
			"from": [7.8, 2.55, 10.5],
			"to": [8.8, 3.55, 14.5],
			"rotation": {"angle": 0, "axis": "y", "origin": [8, 3.5, 12.75]},
			"faces": {
				"north": {"uv": [10, 3.5, 11, 4.5], "texture": "#0", "tintindex": 0},
				"east": {"uv": [11, 3.5, 12, 0], "rotation": 90, "texture": "#0", "tintindex": 0},
				"south": {"uv": [10, 3.5, 11, 4.5], "texture": "#0", "tintindex": 0},
				"up": {"uv": [9.5, 0, 10.5, 3.5], "rotation": 180, "texture": "#0", "tintindex": 0},
				"down": {"uv": [10, 3.5, 11, 0], "rotation": 180, "texture": "#0", "tintindex": 0}
			}
		},
		{
			"from": [7.975, 1, 13.5],
			"to": [8, 2.5, 16],
			"rotation": {"angle": 0, "axis": "y", "origin": [6.4875, 2.25, 17]},
			"faces": {
				"east": {"uv": [4, 1, 5.5, 3.5], "rotation": 90, "texture": "#0"},
				"west": {"uv": [4, 3.5, 5.5, 1], "rotation": 90, "texture": "#0"}
			}
		},
		{
			"from": [7.75, 4, -3.5],
			"to": [8.25, 4.5, -2.5],
			"rotation": {"angle": 0, "axis": "y", "origin": [8, 4.25, -3]},
			"faces": {
				"north": {"uv": [0, 0, 0.5, 0.5], "texture": "#0"},
				"east": {"uv": [1, 0, 2, 0.5], "texture": "#0"},
				"south": {"uv": [1, 0, 1.5, 0.5], "texture": "#0"},
				"west": {"uv": [0, 0, 1, 0.5], "texture": "#0"},
				"up": {"uv": [0, 0, 0.5, 1], "texture": "#0"},
				"down": {"uv": [0, 0, 0.5, 1], "texture": "#0"}
			}
		},
		{
			"from": [7.5, 2, -1],
			"to": [8.5, 3, -0.5],
			"rotation": {"angle": 0, "axis": "y", "origin": [8, 4.25, -2.75]},
			"faces": {
				"north": {"uv": [10.5, 11.5, 11.5, 12.5], "texture": "#0", "tintindex": 0},
				"east": {"uv": [11, 11.5, 11.5, 12.5], "texture": "#0", "tintindex": 0},
				"south": {"uv": [11, 11.5, 12, 12.5], "texture": "#0", "tintindex": 0},
				"west": {"uv": [11, 11.5, 11.5, 12.5], "texture": "#0", "tintindex": 0},
				"up": {"uv": [10.5, 11.5, 11.5, 12], "texture": "#0", "tintindex": 0},
				"down": {"uv": [11, 12, 12, 12.5], "texture": "#0", "tintindex": 0}
			}
		},
		{
			"from": [7.25, 2, 6],
			"to": [8.75, 3.5, 15.5],
			"rotation": {"angle": 0, "axis": "y", "origin": [0, 0.25, -5.5]},
			"faces": {
				"north": {"uv": [12.5, 13, 14, 14.5], "texture": "#0"},
				"east": {"uv": [6.5, 13, 16, 14.5], "texture": "#0"},
				"south": {"uv": [7, 14.5, 8.5, 16], "texture": "#0"},
				"west": {"uv": [6.5, 13, 16, 14.5], "texture": "#0"},
				"up": {"uv": [6.5, 13, 16, 14.5], "rotation": 90, "texture": "#0"},
				"down": {"uv": [6.5, 14.5, 16, 16], "rotation": 90, "texture": "#0"}
			}
		},
		{
			"from": [7.25, 2, -0.5],
			"to": [8.75, 3.5, 0],
			"rotation": {"angle": 0, "axis": "y", "origin": [0, 0.25, -5.5]},
			"faces": {
				"north": {"uv": [10.5, 11.5, 12, 13], "texture": "#0", "tintindex": 0},
				"east": {"uv": [10, 10, 9.5, 11.5], "texture": "#0", "tintindex": 0},
				"south": {"uv": [7, 14.5, 8.5, 16], "texture": "#0", "tintindex": 0},
				"west": {"uv": [9.5, 10, 10, 11.5], "texture": "#0", "tintindex": 0},
				"up": {"uv": [9.5, 8.5, 10, 10], "rotation": 90, "texture": "#0", "tintindex": 0},
				"down": {"uv": [10, 10, 9.5, 11.5], "rotation": 90, "texture": "#0", "tintindex": 0}
			}
		},
		{
			"from": [7.25, 2, 5.5],
			"to": [8.75, 4.1, 6],
			"rotation": {"angle": 0, "axis": "y", "origin": [0, 0.25, -5.5]},
			"faces": {
				"north": {"uv": [10.5, 11.5, 12, 13], "texture": "#0", "tintindex": 0},
				"east": {"uv": [16, 9.5, 15.5, 11.5], "texture": "#0", "tintindex": 0},
				"south": {"uv": [7, 14.5, 8.5, 16], "texture": "#0", "tintindex": 0},
				"west": {"uv": [15.5, 9.5, 16, 11.5], "texture": "#0", "tintindex": 0},
				"up": {"uv": [15.5, 8.5, 16, 10], "rotation": 90, "texture": "#0", "tintindex": 0},
				"down": {"uv": [16, 9.5, 15.5, 11.5], "rotation": 90, "texture": "#0", "tintindex": 0}
			}
		},
		{
			"from": [7.25, 2, 0],
			"to": [8.75, 3.5, 5.5],
			"rotation": {"angle": 0, "axis": "y", "origin": [0, 0.25, -5.5]},
			"faces": {
				"north": {"uv": [10.5, 11.5, 12, 13], "texture": "#0"},
				"east": {"uv": [15.5, 10, 10, 11.5], "texture": "#0"},
				"south": {"uv": [7, 14.5, 8.5, 16], "texture": "#0"},
				"west": {"uv": [10, 10, 15.5, 11.5], "texture": "#0"},
				"up": {"uv": [10, 8.5, 15.5, 10], "rotation": 90, "texture": "#0"},
				"down": {"uv": [15.5, 10, 10, 11.5], "rotation": 90, "texture": "#0"}
			}
		},
		{
			"from": [7.25, 3.5, 6],
			"to": [8.75, 4.1, 10.5],
			"rotation": {"angle": 0, "axis": "y", "origin": [0, 0.25, -5.5]},
			"faces": {
				"north": {"uv": [15.5, 10, 16, 11.5], "rotation": 90, "texture": "#0"},
				"east": {"uv": [11, 8.5, 15.5, 9], "texture": "#0"},
				"south": {"uv": [7, 14.5, 8.5, 15], "texture": "#0"},
				"west": {"uv": [15.5, 8.5, 11, 9], "texture": "#0"},
				"up": {"uv": [15.5, 7, 11, 8.5], "rotation": 90, "texture": "#0"}
			}
		},
		{
			"from": [7.495, 1.46404, 15.19448],
			"to": [8.505, 2.96404, 18.69448],
			"rotation": {"angle": 22.5, "axis": "x", "origin": [6.75, 2.46404, 16.69448]},
			"faces": {
				"east": {"uv": [12, 11.5, 15.5, 13], "texture": "#0"},
				"south": {"uv": [14.9875, 11.5, 16, 13], "texture": "#0"},
				"west": {"uv": [15.5, 11.5, 12, 13], "texture": "#0"},
				"up": {"uv": [15.5, 13.0125, 12, 12], "rotation": 90, "texture": "#0"},
				"down": {"uv": [15.5, 13.0125, 12, 12], "rotation": 90, "texture": "#0"}
			}
		},
		{
			"from": [7.5, 4.05, 10],
			"to": [8.5, 4.55, 10],
			"rotation": {"angle": 0, "axis": "y", "origin": [8, 3.75, 5.75]},
			"faces": {
				"south": {"uv": [4, 5, 6, 6], "texture": "#0"}
			}
		}
	]
}