{
  "feature": {
    "type": "minecraft:random_patch",
    "config": {
      "tries": 256,
      "xz_spread": 8,
      "y_spread": 0,
      "feature": {
        "feature": {
          "type": "minecraft:block_column",
          "config": {
            "direction": "down",
            "allowed_placement": {
              "type": "minecraft:matching_blocks",
              "offset": [
                0,
                1,
                0
              ],
              "blocks": "minecraft:air"
            },
            "prioritize_tip": false,
            "layers": [
              {
                "height": {
                  "type": "minecraft:biased_to_bottom",
                  "value": {
                    "min_inclusive": 1,
                    "max_inclusive": 6
                  }
                },
                "provider": {
                  "type": "minecraft:simple_state_provider",
                  "state": {
                    "Name": "minecraft:oak_leaves",
                    "Properties": {
                      "persistent": "true"
                    }
                  }
                }
              }
            ]
          }
        },
        "placement": [
          {
            "type": "minecraft:random_offset",
            "xz_spread": 0,
            "y_spread": -8
          },
          {
            "type": "minecraft:environment_scan",
            "direction_of_search": "up",
            "max_steps": 8,
            "target_condition": {
              "type": "minecraft:matching_block_tag",
              "offset": [
                0,
                1,
                0
              ],
              "tag": "minecraft:base_stone_overworld"
            },
            "allowed_search_condition": {
              "type": "minecraft:matching_blocks",
              "offset": [
                0,
                0,
                0
              ],
              "blocks": "minecraft:air"
            }
          }
        ]
      }
    }
  },
  "placement": [
    {
      "type": "minecraft:count",
      "count": 200
    },
    {
      "type": "minecraft:in_square"
    },
    {
      "type": "minecraft:height_range",
      "height": {
        "type": "minecraft:uniform",
        "min_inclusive": {
          "above_bottom": 0
        },
        "max_inclusive": {
          "below_top": 0
        }
      }
    },
    {
      "type": "minecraft:surface_relative_threshold_filter",
      "heightmap": "OCEAN_FLOOR_WG",
      "max_inclusive": -13
    },
    {
      "type": "minecraft:environment_scan",
      "direction_of_search": "down",
      "max_steps": 32,
      "target_condition": {
        "type": "minecraft:matching_block_tag",
        "offset": [
          0,
          -1,
          0
        ],
        "tag": "minecraft:base_stone_overworld"
      },
      "allowed_search_condition": {
        "type": "minecraft:matching_blocks",
        "blocks": "minecraft:air"
      }
    },
    {
      "type": "minecraft:environment_scan",
      "direction_of_search": "up",
      "max_steps": 32,
      "target_condition": {
        "type": "minecraft:matching_block_tag",
        "offset": [
          0,
          1,
          0
        ],
        "tag": "minecraft:base_stone_overworld"
      },
      "allowed_search_condition": {
        "type": "minecraft:true"
      }
    }
  ]
}
