{
  "feature": {
    "type": "minecraft:random_patch",
    "config": {
      "tries": 64,
      "xz_spread": 8,
      "y_spread": 8,
      "feature": {
        "feature": {
          "type": "minecraft:block_column",
          "config": {
            "direction": "up",
            "allowed_placement": {
              "type": "minecraft:any_of",
              "predicates": [
                {
                  "type": "minecraft:matching_blocks",
                  "offset": [
                    1,
                    1,
                    0
                  ],
                  "blocks": "minecraft:oak_log"
                },
                {
                  "type": "minecraft:matching_blocks",
                  "offset": [
                    -1,
                    1,
                    0
                  ],
                  "blocks": "minecraft:oak_log"
                },
                {
                  "type": "minecraft:matching_blocks",
                  "offset": [
                    0,
                    1,
                    1
                  ],
                  "blocks": "minecraft:oak_log"
                },
                {
                  "type": "minecraft:matching_blocks",
                  "offset": [
                    0,
                    1,
                    -1
                  ],
                  "blocks": "minecraft:oak_log"
                }
              ]
            },
            "prioritize_tip": false,
            "layers": [
              {
                "height": {
                  "type": "minecraft:uniform",
                  "value": {
                    "min_inclusive": 8,
                    "max_inclusive": 16
                  }
                },
                "provider": {
                  "type": "minecraft:simple_state_provider",
                  "state": {
                    "Name": "minecraft:oak_log"
                  }
                }
              }
            ]
          }
        },
        "placement": [
          {
            "type": "minecraft:environment_scan",
            "direction_of_search": "down",
            "max_steps": 32,
            "target_condition": {
              "type": "minecraft:solid"
            },
            "allowed_search_condition": {
              "type": "minecraft:replaceable"
            }
          }
        ]
      }
    }
  },
  "placement": [
    {
      "type": "minecraft:count",
      "count": 64
    },
    {
      "type": "minecraft:in_square"
    },
    {
      "type": "minecraft:height_range",
      "height": {
        "type": "minecraft:uniform",
        "min_inclusive": {
          "above_bottom": 0
        },
        "max_inclusive": {
          "below_top": 0
        }
      }
    },
    {
      "type": "minecraft:surface_relative_threshold_filter",
      "heightmap": "OCEAN_FLOOR_WG",
      "max_inclusive": -13
    }
  ]
}
