{
	"credit": "End_Rage waz here",
	"textures": {
		"0": "cgm:items/3d_textures/shotgun",
		"particle": "cgm:items/3d_textures/shotgun"
	},
	"elements": [
		{
			"from": [7.25, 2, 6],
			"to": [8.75, 3.5, 10],
			"rotation": {"angle": 0, "axis": "y", "origin": [0, 0, -1]},
			"faces": {
				"north": {"uv": [6, 5, 7.5, 6.5], "texture": "#0"},
				"east": {"uv": [6, 5, 7.5, 9], "rotation": 90, "texture": "#0"},
				"south": {"uv": [6, 5, 7.5, 6.5], "texture": "#0"},
				"west": {"uv": [6, 5, 7.5, 9], "rotation": 90, "texture": "#0"},
				"up": {"uv": [6, 5, 7.5, 9], "texture": "#0"},
				"down": {"uv": [6, 5, 7.5, 9], "texture": "#0"}
			}
		},
		{
			"from": [7.251, 1.10038, 14.52269],
			"to": [8.749, 2.60038, 18.52269],
			"rotation": {"angle": 22.5, "axis": "x", "origin": [8, 1.85038, 17.02269]},
			"faces": {
				"north": {"uv": [6, 5, 7.498, 6.5], "texture": "#0"},
				"east": {"uv": [6, 5, 7.5, 9], "rotation": 90, "texture": "#0"},
				"south": {"uv": [6.5, 8.5, 7.998, 10], "texture": "#0"},
				"west": {"uv": [6, 5, 7.5, 9], "rotation": 90, "texture": "#0"},
				"up": {"uv": [6, 5, 7.498, 9], "texture": "#0"},
				"down": {"uv": [7.498, 9, 6, 5], "texture": "#0"}
			}
		},
		{
			"from": [7.225, 2.5, 13.75],
			"to": [7.25, 5, 15.75],
			"rotation": {"angle": -22.5, "axis": "x", "origin": [6.725, 3.5, 14.75]},
			"faces": {
				"east": {"uv": [9.5, 13.5, 7.5, 16], "texture": "#0"},
				"west": {"uv": [7.5, 13.5, 9.5, 16], "texture": "#0"}
			}
		},
		{
			"from": [8, 1, 13.25],
			"to": [8, 2.5, 15.75],
			"rotation": {"angle": 0, "axis": "x", "origin": [7.5, 1.5, 14.75]},
			"faces": {
				"north": {"uv": [0, 0, 0, 2], "texture": "#0"},
				"east": {"uv": [8.5, 11, 6, 12.5], "texture": "#0"},
				"south": {"uv": [0, 0, 0, 2], "texture": "#0"},
				"west": {"uv": [6, 11, 8.5, 12.5], "texture": "#0"},
				"up": {"uv": [0, 0, 0, 2], "texture": "#0"},
				"down": {"uv": [0, 0, 0, 2], "texture": "#0"}
			}
		},
		{
			"from": [8.75, 2.5, 13.75],
			"to": [8.775, 5, 15.75],
			"rotation": {"angle": -22.5, "axis": "x", "origin": [8.275, 3.5, 14.75]},
			"faces": {
				"east": {"uv": [9.5, 13.5, 7.5, 16], "texture": "#0"},
				"west": {"uv": [7.5, 13.5, 9.5, 16], "texture": "#0"}
			}
		},
		{
			"from": [6.5, 3, 9],
			"to": [8, 4.5, 12.5],
			"faces": {
				"east": {"uv": [1.5, 11, 3, 14.5], "rotation": 90, "texture": "#0"},
				"west": {"uv": [1.5, 14.5, 3, 11], "rotation": 90, "texture": "#0"},
				"up": {"uv": [0, 11, 1.5, 14.5], "texture": "#0"},
				"down": {"uv": [1.5, 14.5, 3, 11], "texture": "#0"}
			}
		},
		{
			"from": [6.5, 3, 3],
			"to": [8, 4.5, 9],
			"rotation": {"angle": 0, "axis": "y", "origin": [0, 0, -14]},
			"faces": {
				"north": {"uv": [6, 14.5, 7.5, 16], "texture": "#0"},
				"east": {"uv": [1.5, 0, 3, 6], "rotation": 90, "texture": "#0"},
				"west": {"uv": [1.5, 6, 3, 0], "rotation": 90, "texture": "#0"},
				"up": {"uv": [0, 0, 1.5, 6], "texture": "#0"},
				"down": {"uv": [1.5, 6, 3, 0], "texture": "#0"}
			}
		},
		{
			"from": [8, 3, 9],
			"to": [9.5, 4.5, 12.5],
			"faces": {
				"east": {"uv": [4.5, 11, 6, 14.5], "rotation": 90, "texture": "#0"},
				"west": {"uv": [4.5, 14.5, 6, 11], "rotation": 90, "texture": "#0"},
				"up": {"uv": [3, 11, 4.5, 14.5], "texture": "#0"},
				"down": {"uv": [4.5, 14.5, 6, 11], "texture": "#0"}
			}
		},
		{
			"from": [8, 3, 3],
			"to": [9.5, 4.5, 9],
			"rotation": {"angle": 0, "axis": "y", "origin": [0, 0, -14]},
			"faces": {
				"north": {"uv": [6, 14.5, 7.5, 16], "texture": "#0"},
				"east": {"uv": [4.5, 0, 6, 6], "rotation": 90, "texture": "#0"},
				"west": {"uv": [4.5, 6, 6, 0], "rotation": 90, "texture": "#0"},
				"up": {"uv": [3, 0, 4.5, 6], "texture": "#0"},
				"down": {"uv": [4.5, 6, 6, 0], "texture": "#0"}
			}
		},
		{
			"from": [7.25, 2, 14.5],
			"to": [8.75, 4, 15],
			"faces": {
				"east": {"uv": [6, 0.5, 8, 0], "rotation": 90, "texture": "#0"},
				"south": {"uv": [6.5, 5.5, 8, 7.5], "texture": "#0"},
				"west": {"uv": [6, 0, 8, 0.5], "rotation": 90, "texture": "#0"},
				"up": {"uv": [6, 0.5, 7.5, 0], "texture": "#0"},
				"down": {"uv": [8, 0, 9.5, 0.5], "texture": "#0"}
			}
		},
		{
			"from": [7.25, 2, 10],
			"to": [8.75, 4, 14.5],
			"faces": {
				"east": {"uv": [6, 5, 8, 0.5], "rotation": 90, "texture": "#0", "tintindex": 0},
				"south": {"uv": [6.5, 5.5, 8, 7.5], "texture": "#0", "tintindex": 0},
				"west": {"uv": [6, 0.5, 8, 5], "rotation": 90, "texture": "#0", "tintindex": 0},
				"up": {"uv": [6, 5, 7.5, 0.5], "texture": "#0", "tintindex": 0},
				"down": {"uv": [8, 0.5, 9.5, 5], "texture": "#0", "tintindex": 0}
			}
		},
		{
			"from": [6.5, 3, 12.5],
			"to": [8, 4.5, 14],
			"faces": {
				"east": {"uv": [1.5, 14.5, 3, 16], "rotation": 90, "texture": "#0", "tintindex": 0},
				"south": {"uv": [6, 13, 7.5, 14.5], "texture": "#0", "tintindex": 0},
				"west": {"uv": [1.5, 16, 3, 14.5], "rotation": 90, "texture": "#0", "tintindex": 0},
				"up": {"uv": [0, 14.5, 1.5, 16], "texture": "#0", "tintindex": 0},
				"down": {"uv": [1.5, 16, 3, 14.5], "texture": "#0", "tintindex": 0}
			}
		},
		{
			"from": [8, 3, 12.5],
			"to": [9.5, 4.5, 14],
			"faces": {
				"east": {"uv": [4.5, 14.5, 6, 16], "rotation": 90, "texture": "#0", "tintindex": 0},
				"south": {"uv": [6, 13, 7.5, 14.5], "texture": "#0", "tintindex": 0},
				"west": {"uv": [4.5, 16, 6, 14.5], "rotation": 90, "texture": "#0", "tintindex": 0},
				"up": {"uv": [3, 14.5, 4.5, 16], "texture": "#0", "tintindex": 0},
				"down": {"uv": [4.5, 16, 6, 14.5], "texture": "#0", "tintindex": 0}
			}
		}
	],
	"display": {
		"thirdperson_righthand": {
			"translation": [0, 6, -7.5],
			"scale": [1.1, 1.1, 1.1]
		},
		"firstperson_righthand": {
			"translation": [-5, 8.5, 0],
			"scale": [0.8, 0.8, 0.8]
		},
		"ground": {
			"translation": [0, 5, -3.25]
		},
		"gui": {
			"rotation": [64, 47, -47],
			"translation": [1, 7, 0],
			"scale": [1.25, 1.25, 1.25]
		},
		"fixed": {
			"rotation": [0, 90, 0],
			"translation": [-4.5, 12, -2],
			"scale": [2, 2, 2]
		}
	}
}