{
  "type": "minecraft:random_selector",
  "config": {
    "features": [
      {
        "chance": 0.4,
        "feature": {
          "feature": {
            "type": "minecraft:block_column",
            "config": {
              "direction": "west",
              "allowed_placement": {
                "type": "minecraft:all_of",
                "predicates": [
                  {
                    "type": "minecraft:matching_blocks",
                    "blocks": [
                      "minecraft:cave_air",
                      "minecraft:lava"
                    ]
                  },
                  {
                    "type": "minecraft:not",
                    "predicate": {
                      "type": "minecraft:any_of",
                      "predicates": [
                        {
                          "type": "minecraft:matching_blocks",
                          "offset": [
                            0,
                            0,
                            1
                          ],
                          "blocks": [
                            "minecraft:quartz_block",
                            "minecraft:netherrack"
                          ]
                        },
                        {
                          "type": "minecraft:matching_blocks",
                          "offset": [
                            0,
                            0,
                            -1
                          ],
                          "blocks": [
                            "minecraft:quartz_block",
                            "minecraft:netherrack"
                          ]
                        },
                        {
                          "type": "minecraft:matching_blocks",
                          "offset": [
                            0,
                            1,
                            0
                          ],
                          "blocks": [
                            "minecraft:quartz_block",
                            "minecraft:netherrack"
                          ]
                        },
                        {
                          "type": "minecraft:matching_blocks",
                          "offset": [
                            0,
                            -1,
                            0
                          ],
                          "blocks": [
                            "minecraft:quartz_block",
                            "minecraft:netherrack"
                          ]
                        }
                      ]
                    }
                  }
                ]
              },
              "prioritize_tip": false,
              "layers": [
                {
                  "height": {
                    "type": "minecraft:uniform",
                    "value": {
                      "min_inclusive": 4,
                      "max_inclusive": 8
                    }
                  },
                  "provider": {
                    "type": "minecraft:simple_state_provider",
                    "state": {
                      "Name": "minecraft:quartz_block"
                    }
                  }
                }
              ]
            }
          },
          "placement": [
            {
              "type": "minecraft:block_predicate_filter",
              "predicate": {
                "type": "minecraft:matching_blocks",
                "offset": [
                  1,
                  0,
                  0
                ],
                "blocks": "minecraft:netherrack"
              }
            }
          ]
        }
      },
      {
        "chance": 0.4,
        "feature": {
          "feature": {
            "type": "minecraft:block_column",
            "config": {
              "direction": "east",
              "allowed_placement": {
                "type": "minecraft:all_of",
                "predicates": [
                  {
                    "type": "minecraft:matching_blocks",
                    "blocks": [
                      "minecraft:cave_air",
                      "minecraft:lava"
                    ]
                  },
                  {
                    "type": "minecraft:not",
                    "predicate": {
                      "type": "minecraft:any_of",
                      "predicates": [
                        {
                          "type": "minecraft:matching_blocks",
                          "offset": [
                            0,
                            0,
                            1
                          ],
                          "blocks": [
                            "minecraft:quartz_block",
                            "minecraft:netherrack"
                          ]
                        },
                        {
                          "type": "minecraft:matching_blocks",
                          "offset": [
                            0,
                            0,
                            -1
                          ],
                          "blocks": [
                            "minecraft:quartz_block",
                            "minecraft:netherrack"
                          ]
                        },
                        {
                          "type": "minecraft:matching_blocks",
                          "offset": [
                            0,
                            1,
                            0
                          ],
                          "blocks": [
                            "minecraft:quartz_block",
                            "minecraft:netherrack"
                          ]
                        },
                        {
                          "type": "minecraft:matching_blocks",
                          "offset": [
                            0,
                            -1,
                            0
                          ],
                          "blocks": [
                            "minecraft:quartz_block",
                            "minecraft:netherrack"
                          ]
                        }
                      ]
                    }
                  }
                ]
              },
              "prioritize_tip": false,
              "layers": [
                {
                  "height": {
                    "type": "minecraft:uniform",
                    "value": {
                      "min_inclusive": 4,
                      "max_inclusive": 8
                    }
                  },
                  "provider": {
                    "type": "minecraft:simple_state_provider",
                    "state": {
                      "Name": "minecraft:quartz_block"
                    }
                  }
                }
              ]
            }
          },
          "placement": [
            {
              "type": "minecraft:block_predicate_filter",
              "predicate": {
                "type": "minecraft:matching_blocks",
                "offset": [
                  -1,
                  0,
                  0
                ],
                "blocks": "minecraft:netherrack"
              }
            }
          ]
        }
      },
      {
        "chance": 0.4,
        "feature": {
          "feature": {
            "type": "minecraft:block_column",
            "config": {
              "direction": "south",
              "allowed_placement": {
                "type": "minecraft:all_of",
                "predicates": [
                  {
                    "type": "minecraft:matching_blocks",
                    "blocks": [
                      "minecraft:cave_air",
                      "minecraft:lava"
                    ]
                  },
                  {
                    "type": "minecraft:not",
                    "predicate": {
                      "type": "minecraft:any_of",
                      "predicates": [
                        {
                          "type": "minecraft:matching_blocks",
                          "offset": [
                            1,
                            0,
                            0
                          ],
                          "blocks": [
                            "minecraft:quartz_block",
                            "minecraft:netherrack"
                          ]
                        },
                        {
                          "type": "minecraft:matching_blocks",
                          "offset": [
                            -1,
                            0,
                            0
                          ],
                          "blocks": [
                            "minecraft:quartz_block",
                            "minecraft:netherrack"
                          ]
                        },
                        {
                          "type": "minecraft:matching_blocks",
                          "offset": [
                            0,
                            1,
                            0
                          ],
                          "blocks": [
                            "minecraft:quartz_block",
                            "minecraft:netherrack"
                          ]
                        },
                        {
                          "type": "minecraft:matching_blocks",
                          "offset": [
                            0,
                            -1,
                            0
                          ],
                          "blocks": [
                            "minecraft:quartz_block",
                            "minecraft:netherrack"
                          ]
                        }
                      ]
                    }
                  }
                ]
              },
              "prioritize_tip": false,
              "layers": [
                {
                  "height": {
                    "type": "minecraft:uniform",
                    "value": {
                      "min_inclusive": 4,
                      "max_inclusive": 8
                    }
                  },
                  "provider": {
                    "type": "minecraft:simple_state_provider",
                    "state": {
                      "Name": "minecraft:quartz_block"
                    }
                  }
                }
              ]
            }
          },
          "placement": [
            {
              "type": "minecraft:block_predicate_filter",
              "predicate": {
                "type": "minecraft:matching_blocks",
                "offset": [
                  0,
                  0,
                  -1
                ],
                "blocks": "minecraft:netherrack"
              }
            }
          ]
        }
      },
      {
        "chance": 0.4,
        "feature": {
          "feature": {
            "type": "minecraft:block_column",
            "config": {
              "direction": "north",
              "allowed_placement": {
                "type": "minecraft:all_of",
                "predicates": [
                  {
                    "type": "minecraft:matching_blocks",
                    "blocks": [
                      "minecraft:cave_air",
                      "minecraft:lava"
                    ]
                  },
                  {
                    "type": "minecraft:not",
                    "predicate": {
                      "type": "minecraft:any_of",
                      "predicates": [
                        {
                          "type": "minecraft:matching_blocks",
                          "offset": [
                            1,
                            0,
                            0
                          ],
                          "blocks": [
                            "minecraft:quartz_block",
                            "minecraft:netherrack"
                          ]
                        },
                        {
                          "type": "minecraft:matching_blocks",
                          "offset": [
                            -1,
                            0,
                            0
                          ],
                          "blocks": [
                            "minecraft:quartz_block",
                            "minecraft:netherrack"
                          ]
                        },
                        {
                          "type": "minecraft:matching_blocks",
                          "offset": [
                            0,
                            1,
                            0
                          ],
                          "blocks": [
                            "minecraft:quartz_block",
                            "minecraft:netherrack"
                          ]
                        },
                        {
                          "type": "minecraft:matching_blocks",
                          "offset": [
                            0,
                            -1,
                            0
                          ],
                          "blocks": [
                            "minecraft:quartz_block",
                            "minecraft:netherrack"
                          ]
                        }
                      ]
                    }
                  }
                ]
              },
              "prioritize_tip": false,
              "layers": [
                {
                  "height": {
                    "type": "minecraft:uniform",
                    "value": {
                      "min_inclusive": 4,
                      "max_inclusive": 8
                    }
                  },
                  "provider": {
                    "type": "minecraft:simple_state_provider",
                    "state": {
                      "Name": "minecraft:quartz_block"
                    }
                  }
                }
              ]
            }
          },
          "placement": [
            {
              "type": "minecraft:block_predicate_filter",
              "predicate": {
                "type": "minecraft:matching_blocks",
                "offset": [
                  0,
                  0,
                  1
                ],
                "blocks": "minecraft:netherrack"
              }
            }
          ]
        }
      },
      {
        "chance": 0.4,
        "feature": {
          "feature": {
            "type": "minecraft:block_column",
            "config": {
              "direction": "down",
              "allowed_placement": {
                "type": "minecraft:all_of",
                "predicates": [
                  {
                    "type": "minecraft:matching_blocks",
                    "blocks": [
                      "minecraft:cave_air",
                      "minecraft:lava"
                    ]
                  },
                  {
                    "type": "minecraft:not",
                    "predicate": {
                      "type": "minecraft:any_of",
                      "predicates": [
                        {
                          "type": "minecraft:matching_blocks",
                          "offset": [
                            1,
                            0,
                            0
                          ],
                          "blocks": [
                            "minecraft:quartz_block",
                            "minecraft:netherrack"
                          ]
                        },
                        {
                          "type": "minecraft:matching_blocks",
                          "offset": [
                            -1,
                            0,
                            0
                          ],
                          "blocks": [
                            "minecraft:quartz_block",
                            "minecraft:netherrack"
                          ]
                        },
                        {
                          "type": "minecraft:matching_blocks",
                          "offset": [
                            0,
                            0,
                            1
                          ],
                          "blocks": [
                            "minecraft:quartz_block",
                            "minecraft:netherrack"
                          ]
                        },
                        {
                          "type": "minecraft:matching_blocks",
                          "offset": [
                            0,
                            0,
                            -1
                          ],
                          "blocks": [
                            "minecraft:quartz_block",
                            "minecraft:netherrack"
                          ]
                        }
                      ]
                    }
                  }
                ]
              },
              "prioritize_tip": false,
              "layers": [
                {
                  "height": {
                    "type": "minecraft:uniform",
                    "value": {
                      "min_inclusive": 4,
                      "max_inclusive": 8
                    }
                  },
                  "provider": {
                    "type": "minecraft:simple_state_provider",
                    "state": {
                      "Name": "minecraft:quartz_block"
                    }
                  }
                }
              ]
            }
          },
          "placement": [
            {
              "type": "minecraft:block_predicate_filter",
              "predicate": {
                "type": "minecraft:matching_blocks",
                "offset": [
                  0,
                  1,
                  0
                ],
                "blocks": "minecraft:netherrack"
              }
            }
          ]
        }
      }
    ],
    "default": {
      "feature": {
        "type": "minecraft:block_column",
        "config": {
          "direction": "up",
          "allowed_placement": {
            "type": "minecraft:all_of",
            "predicates": [
              {
                "type": "minecraft:matching_blocks",
                "blocks": [
                  "minecraft:cave_air",
                  "minecraft:lava"
                ]
              },
              {
                "type": "minecraft:not",
                "predicate": {
                  "type": "minecraft:any_of",
                  "predicates": [
                    {
                      "type": "minecraft:matching_blocks",
                      "offset": [
                        1,
                        0,
                        0
                      ],
                      "blocks": [
                        "minecraft:quartz_block",
                        "minecraft:netherrack"
                      ]
                    },
                    {
                      "type": "minecraft:matching_blocks",
                      "offset": [
                        -1,
                        0,
                        0
                      ],
                      "blocks": [
                        "minecraft:quartz_block",
                        "minecraft:netherrack"
                      ]
                    },
                    {
                      "type": "minecraft:matching_blocks",
                      "offset": [
                        0,
                        0,
                        1
                      ],
                      "blocks": [
                        "minecraft:quartz_block",
                        "minecraft:netherrack"
                      ]
                    },
                    {
                      "type": "minecraft:matching_blocks",
                      "offset": [
                        0,
                        0,
                        -1
                      ],
                      "blocks": [
                        "minecraft:quartz_block",
                        "minecraft:netherrack"
                      ]
                    }
                  ]
                }
              }
            ]
          },
          "prioritize_tip": false,
          "layers": [
            {
              "height": {
                "type": "minecraft:uniform",
                "value": {
                  "min_inclusive": 4,
                  "max_inclusive": 8
                }
              },
              "provider": {
                "type": "minecraft:simple_state_provider",
                "state": {
                  "Name": "minecraft:quartz_block"
                }
              }
            }
          ]
        }
      },
      "placement": [
        {
          "type": "minecraft:block_predicate_filter",
          "predicate": {
            "type": "minecraft:matching_blocks",
            "offset": [
              0,
              -1,
              0
            ],
            "blocks": "minecraft:netherrack"
          }
        }
      ]
    }
  }
}
