{
  "feature": {
    "type": "minecraft:simple_block",
    "config": {
      "to_place": {
        "type": "minecraft:simple_state_provider",
        "state": {
          "Name": "minecraft:nether_wart_block"
        }
      }
    }
  },
  "placement": [
    {
      "type": "minecraft:carving_mask",
      "step": "air"
    },
    {
      "type": "minecraft:block_predicate_filter",
      "predicate": {
        "type": "minecraft:matching_blocks",
        "offset": [
          0,
          1,
          0
        ],
        "blocks": "minecraft:netherrack"
      }
    },
    {
      "type": "minecraft:random_offset",
      "xz_spread": {
        "type": "minecraft:uniform",
        "value": {
          "min_inclusive": -1,
          "max_inclusive": 1
        }
      },
      "y_spread": {
        "type": "minecraft:uniform",
        "value": {
          "min_inclusive": -1,
          "max_inclusive": 1
        }
      }
    },
    {
      "type": "minecraft:block_predicate_filter",
      "predicate": {
        "type": "minecraft:matching_blocks",
        "offset": [
          0,
          1,
          0
        ],
        "blocks": [
          "minecraft:netherrack",
          "minecraft:nether_wart_block"
        ]
      }
    },
    {
      "type": "minecraft:block_predicate_filter",
      "predicate": {
        "type": "minecraft:matching_blocks",
        "offset": [
          0,
          -5,
          0
        ],
        "blocks": "minecraft:cave_air"
      }
    },
    {
      "type": "minecraft:block_predicate_filter",
      "predicate": {
        "type": "minecraft:matching_blocks",
        "blocks": "minecraft:cave_air"
      }
    }
  ]
}
