{
  "feature": {
    "type": "minecraft:vegetation_patch",
    "config": {
      "surface": "floor",
      "depth": 3,
      "vertical_range": 10,
      "extra_bottom_block_chance": 0,
      "extra_edge_column_chance": 0.5,
      "vegetation_chance": 1,
      "xz_radius": 10,
      "replaceable": "#minecraft:base_stone_overworld",
      "ground_state": {
        "type": "minecraft:simple_state_provider",
        "state": {
          "Name": "minecraft:dirt"
        }
      },
      "vegetation_feature": {
        "feature": {
          "type": "minecraft:simple_block",
          "config": {
            "to_place": {
              "type": "minecraft:simple_state_provider",
              "state": {
                "Name": "minecraft:mycelium"
              }
            }
          }
        },
        "placement": [
          {
            "type": "minecraft:block_predicate_filter",
            "predicate": {
              "type": "minecraft:all_of",
              "predicates": [
                {
                  "type": "minecraft:not",
                  "predicate": {
                    "type": "minecraft:matching_fluids",
                    "fluids": "minecraft:water"
                  }
                },
                {
                  "type": "minecraft:not",
                  "predicate": {
                    "type": "minecraft:matching_fluids",
                    "fluids": "minecraft:lava"
                  }
                },
                {
                  "type": "minecraft:not",
                  "predicate": {
                    "type": "minecraft:solid"
                  }
                }
              ]
            }
          },
          {
            "type": "minecraft:random_offset",
            "xz_spread": 0,
            "y_spread": -1
          },
          {
            "type": "minecraft:block_predicate_filter",
            "predicate": {
              "type": "minecraft:matching_blocks",
              "blocks": "minecraft:dirt"
            }
          }
        ]
      }
    }
  },
  "placement": [
    {
      "type": "minecraft:count",
      "count": 100
    },
    {
      "type": "minecraft:in_square"
    },
    {
      "type": "minecraft:height_range",
      "height": {
        "type": "minecraft:uniform",
        "min_inclusive": {
          "above_bottom": 0
        },
        "max_inclusive": {
          "below_top": 0
        }
      }
    },
    {
      "type": "minecraft:surface_relative_threshold_filter",
      "heightmap": "OCEAN_FLOOR_WG",
      "max_inclusive": -13
    },
    {
      "type": "minecraft:block_predicate_filter",
      "predicate": {
        "type": "minecraft:matching_blocks",
        "blocks": "minecraft:air"
      }
    },
    {
      "type": "minecraft:environment_scan",
      "direction_of_search": "down",
      "max_steps": 24,
      "target_condition": {
        "type": "minecraft:solid"
      },
      "allowed_search_condition": {
        "type": "minecraft:replaceable"
      }
    }
  ]
}
