{
	"credit": "End_Rage waz here",
	"texture_size": [8, 8],
	"textures": {
		"2": "cgm:effect/long_scope_reticle",
		"particle": "cgm:items/3d_textures/medium_scope"
	},
	"elements": [
		{
			"from": [7.5, 8.5, 7.5],
			"to": [8.5, 9.5, 12],
			"rotation": {"angle": 0, "axis": "y", "origin": [0, -0.6, -1]},
			"faces": {
				"east": {"uv": [2, 9, 0, 0], "rotation": 90, "texture": "#particle"},
				"south": {"uv": [4, 2, 6, 4], "texture": "#particle"},
				"west": {"uv": [0, 9, 2, 0], "rotation": 270, "texture": "#particle"},
				"up": {"uv": [0, 9, 2, 0], "texture": "#particle"},
				"down": {"uv": [0, 0, 2, 9], "texture": "#particle"}
			}
		},
		{
			"from": [7.4, 8.4, 3],
			"to": [8.6, 9.6, 7.5],
			"rotation": {"angle": 0, "axis": "y", "origin": [0, -0.6, -1]},
			"faces": {
				"east": {"uv": [4, 9, 2, 0], "rotation": 90, "texture": "#particle"},
				"south": {"uv": [0, 7, 2, 9], "texture": "#particle"},
				"west": {"uv": [2, 9, 4, 0], "rotation": 270, "texture": "#particle"},
				"up": {"uv": [2, 9, 4, 0], "texture": "#particle"},
				"down": {"uv": [2, 0, 4, 9], "texture": "#particle"}
			}
		},
		{
			"from": [7.5, 7.5, 5.75],
			"to": [8.5, 8.5, 6.75],
			"rotation": {"angle": 0, "axis": "y", "origin": [0, -0.9, -4]},
			"faces": {
				"north": {"uv": [4, 0, 6, 2], "texture": "#particle"},
				"east": {"uv": [4, 0, 6, 2], "texture": "#particle"},
				"south": {"uv": [4, 0, 6, 2], "texture": "#particle"},
				"west": {"uv": [4, 0, 6, 2], "texture": "#particle"}
			}
		},
		{
			"from": [7.5, 7.5, 9.25],
			"to": [8.5, 8.5, 10.25],
			"rotation": {"angle": 0, "axis": "y", "origin": [0, -0.9, -4]},
			"faces": {
				"north": {"uv": [4, 0, 6, 2], "texture": "#particle"},
				"east": {"uv": [4, 0, 6, 2], "texture": "#particle"},
				"south": {"uv": [4, 0, 6, 2], "texture": "#particle"},
				"west": {"uv": [4, 0, 6, 2], "texture": "#particle"}
			}
		},
		{
			"name": "bodyfrontinner",
			"from": [7.40625, 8.40625, 3],
			"to": [8.59375, 9.59375, 6],
			"shade": false,
			"rotation": {"angle": 0, "axis": "y", "origin": [0, -0.9, -4]},
			"faces": {
				"north": {"uv": [0, 0, 16, 16], "texture": "#2"},
				"east": {"uv": [4, 5, 5, 4], "rotation": 270, "texture": "#particle"},
				"south": {"uv": [4, 5, 5, 4], "rotation": 270, "texture": "#particle"},
				"west": {"uv": [4.5, 4.75, 4.75, 4.25], "rotation": 270, "texture": "#particle"},
				"up": {"uv": [4, 5, 5, 4], "rotation": 270, "texture": "#particle"},
				"down": {"uv": [4, 5, 5, 4], "rotation": 270, "texture": "#particle"}
			}
		}
	],
	"display": {
		"thirdperson_righthand": {
			"translation": [0, -0.5, 0],
			"scale": [1.5, 1.5, 1.5]
		},
		"firstperson_righthand": {
			"rotation": [-41, 0, 0],
			"translation": [-4.25, 4.25, 6.5]
		},
		"ground": {
			"translation": [0, -3, 0],
			"scale": [1.5, 1.5, 1.5]
		},
		"gui": {
			"rotation": [30, 225, 0],
			"translation": [0, -3, 0],
			"scale": [2.5, 2.5, 2.5]
		},
		"fixed": {
			"rotation": [0, 90, 0],
			"translation": [-0.25, -3.5, -2.5],
			"scale": [3, 3, 3]
		}
	},
	"groups": [
		{
			"name": "group",
			"origin": [0, 0, 0],
			"color": 0,
			"children": [0, 1, 2, 3, 4]
		}
	]
}