{
	"credit": "End_Rage waz here",
	"texture_size": [8, 8],
	"textures": {
		"1": "cgm:items/3d_textures/silencer",
		"particle": "cgm:items/3d_textures/silencer"
	},
	"elements": [
		{
			"from": [7.25, 7.25, 2.5],
			"to": [8.75, 8.75, 8.5],
			"rotation": {"angle": 0, "axis": "y", "origin": [0.25, -0.25, 2.5]},
			"faces": {
				"north": {"uv": [0, 12, 3, 15], "texture": "#1"},
				"east": {"uv": [0, 0, 3, 12], "rotation": 90, "texture": "#1"},
				"south": {"uv": [0, 12, 3, 15], "texture": "#1"},
				"west": {"uv": [0, 12, 3, 0], "rotation": 90, "texture": "#1"},
				"up": {"uv": [0, 0, 3, 12], "texture": "#1"},
				"down": {"uv": [0, 12, 3, 0], "texture": "#1"}
			}
		}
	],
	"display": {
		"thirdperson_righthand": {
			"rotation": [114, 0, 0],
			"translation": [0, -2.25, -1.25],
			"scale": [0.75, 0.75, 0.75]
		},
		"firstperson_righthand": {
			"rotation": [90, 0, 0],
			"translation": [2.25, 0, 0],
			"scale": [0.75, 0.75, 0.75]
		},
		"ground": {
			"translation": [0, 1, 3.2],
			"scale": [0.8, 0.8, 0.8]
		},
		"gui": {
			"rotation": [30, 225, 0],
			"translation": [-3.25, 1.5, 0],
			"scale": [1.2, 1.2, 1.2]
		},
		"fixed": {
			"rotation": [0, 90, 0],
			"translation": [6, 0, -1.75],
			"scale": [1.5, 1.5, 1.5]
		}
	}
}