{
  "variants": {
    "age=0": {
      "model": "regions_unexplored:block/leaves/apple_oak_leaves_stage_0"
    },
    "age=1": {
      "model": "regions_unexplored:block/leaves/apple_oak_leaves_stage_0"
    },
    "age=2": {
      "model": "regions_unexplored:block/leaves/apple_oak_leaves_stage_1"
    },
    "age=3": {
      "model": "regions_unexplored:block/leaves/apple_oak_leaves_stage_1"
    },
    "age=4": {
      "model": "regions_unexplored:block/leaves/apple_oak_leaves_stage_2"
    }
  }
}