{
    "variants": {
        "": [
			{ "model": "regions_unexplored:block/leaves/blackwood_leaves_0" },
			{ "model": "regions_unexplored:block/leaves/blackwood_leaves_1" },
			{ "model": "regions_unexplored:block/leaves/blackwood_leaves_0", "y": 90 },
			{ "model": "regions_unexplored:block/leaves/blackwood_leaves_1", "y": 90 },
			{ "model": "regions_unexplored:block/leaves/blackwood_leaves_0", "y": 180 },
			{ "model": "regions_unexplored:block/leaves/blackwood_leaves_1", "y": 180 },
			{ "model": "regions_unexplored:block/leaves/blackwood_leaves_0", "y": 270 },
			{ "model": "regions_unexplored:block/leaves/blackwood_leaves_1", "y": 270 }
		]
    }
}
