{
    "variants": {
        "": [
			{ "model": "regions_unexplored:block/leaves/mauve_leaves_0" },
			{ "model": "regions_unexplored:block/leaves/mauve_leaves_1" },
			{ "model": "regions_unexplored:block/leaves/mauve_leaves_0", "y": 90 },
			{ "model": "regions_unexplored:block/leaves/mauve_leaves_1", "y": 90 },
			{ "model": "regions_unexplored:block/leaves/mauve_leaves_0", "y": 180 },
			{ "model": "regions_unexplored:block/leaves/mauve_leaves_1", "y": 180 },
			{ "model": "regions_unexplored:block/leaves/mauve_leaves_0", "y": 270 },
			{ "model": "regions_unexplored:block/leaves/mauve_leaves_1", "y": 270 },
			{ "model": "regions_unexplored:block/leaves/mauve_leaves_0" },
			{ "model": "regions_unexplored:block/leaves/mauve_leaves_1" },
			{ "model": "regions_unexplored:block/leaves/mauve_leaves_0", "y": 90 },
			{ "model": "regions_unexplored:block/leaves/mauve_leaves_1", "y": 90 },
			{ "model": "regions_unexplored:block/leaves/mauve_leaves_0", "y": 180 },
			{ "model": "regions_unexplored:block/leaves/mauve_leaves_1", "y": 180 },
			{ "model": "regions_unexplored:block/leaves/mauve_leaves_0", "y": 270 },
			{ "model": "regions_unexplored:block/leaves/mauve_leaves_1", "y": 270 },
			{ "model": "regions_unexplored:block/leaves/mauve_leaves_0" },
			{ "model": "regions_unexplored:block/leaves/mauve_leaves_1" },
			{ "model": "regions_unexplored:block/leaves/mauve_leaves_0", "y": 90 },
			{ "model": "regions_unexplored:block/leaves/mauve_leaves_1", "y": 90 },
			{ "model": "regions_unexplored:block/leaves/mauve_leaves_0", "y": 180 },
			{ "model": "regions_unexplored:block/leaves/mauve_leaves_1", "y": 180 },
			{ "model": "regions_unexplored:block/leaves/mauve_leaves_0", "y": 270 },
			{ "model": "regions_unexplored:block/leaves/mauve_leaves_1", "y": 270 },
			{ "model": "regions_unexplored:block/leaves/mauve_leaves_0" },
			{ "model": "regions_unexplored:block/leaves/mauve_leaves_1" },
			{ "model": "regions_unexplored:block/leaves/mauve_leaves_0", "y": 90 },
			{ "model": "regions_unexplored:block/leaves/mauve_leaves_1", "y": 90 },
			{ "model": "regions_unexplored:block/leaves/mauve_leaves_0", "y": 180 },
			{ "model": "regions_unexplored:block/leaves/mauve_leaves_1", "y": 180 },
			{ "model": "regions_unexplored:block/leaves/mauve_leaves_0", "y": 270 },
			{ "model": "regions_unexplored:block/leaves/mauve_leaves_1", "y": 270 },
			{ "model": "regions_unexplored:block/leaves/mauve_leaves_0" },
			{ "model": "regions_unexplored:block/leaves/mauve_leaves_1" },
			{ "model": "regions_unexplored:block/leaves/mauve_leaves_0", "y": 90 },
			{ "model": "regions_unexplored:block/leaves/mauve_leaves_1", "y": 90 },
			{ "model": "regions_unexplored:block/leaves/mauve_leaves_0", "y": 180 },
			{ "model": "regions_unexplored:block/leaves/mauve_leaves_1", "y": 180 },
			{ "model": "regions_unexplored:block/leaves/mauve_leaves_0", "y": 270 },
			{ "model": "regions_unexplored:block/leaves/mauve_leaves_1", "y": 270 },
			{ "model": "regions_unexplored:block/leaves/mauve_leaves_0" },
			{ "model": "regions_unexplored:block/leaves/mauve_leaves_1" },
			{ "model": "regions_unexplored:block/leaves/mauve_leaves_0", "y": 90 },
			{ "model": "regions_unexplored:block/leaves/mauve_leaves_1", "y": 90 },
			{ "model": "regions_unexplored:block/leaves/mauve_leaves_0", "y": 180 },
			{ "model": "regions_unexplored:block/leaves/mauve_leaves_1", "y": 180 },
			{ "model": "regions_unexplored:block/leaves/mauve_leaves_0", "y": 270 },
			{ "model": "regions_unexplored:block/leaves/mauve_leaves_1", "y": 270 },
			{ "model": "regions_unexplored:block/leaves/mauve_leaves_flowering" },
			{ "model": "regions_unexplored:block/leaves/mauve_leaves_flowering_2" },
			{ "model": "regions_unexplored:block/leaves/mauve_leaves_flowering_3" },
			{ "model": "regions_unexplored:block/leaves/mauve_leaves_flowering", "y": 90 },
			{ "model": "regions_unexplored:block/leaves/mauve_leaves_flowering_2", "y": 90 },
			{ "model": "regions_unexplored:block/leaves/mauve_leaves_flowering_3", "y": 90 },
			{ "model": "regions_unexplored:block/leaves/mauve_leaves_flowering", "y": 180 },
			{ "model": "regions_unexplored:block/leaves/mauve_leaves_flowering_2", "y": 180 },
			{ "model": "regions_unexplored:block/leaves/mauve_leaves_flowering_3", "y": 180 },
			{ "model": "regions_unexplored:block/leaves/mauve_leaves_flowering", "y": 270 },
			{ "model": "regions_unexplored:block/leaves/mauve_leaves_flowering_2", "y": 270 },
			{ "model": "regions_unexplored:block/leaves/mauve_leaves_flowering_3", "y": 270 }
		]
    }
}
