{
  "type": "minecraft:random_patch",
  "config": {
    "tries": 256,
    "xz_spread": 2,
    "y_spread": 16,
    "feature": {
      "feature": {
        "type": "minecraft:block_column",
        "config": {
          "direction": "down",
          "allowed_placement": {
            "type": "minecraft:matching_blocks",
            "offset": [
              0,
              1,
              0
            ],
            "blocks": "minecraft:air"
          },
          "prioritize_tip": false,
          "layers": [
            {
              "height": {
                "type": "minecraft:uniform",
                "value": {
                  "min_inclusive": 2,
                  "max_inclusive": 5
                }
              },
              "provider": {
                "type": "minecraft:simple_state_provider",
                "state": {
                  "Name": "minecraft:mushroom_stem"
                }
              }
            }
          ]
        }
      },
      "placement": [
        {
          "type": "minecraft:block_predicate_filter",
          "predicate": {
            "type": "minecraft:any_of",
            "predicates": [
              {
                "type": "minecraft:matching_block_tag",
                "offset": [
                  0,
                  1,
                  0
                ],
                "tag": "minecraft:base_stone_overworld"
              },
              {
                "type": "minecraft:matching_blocks",
                "offset": [
                  1,
                  1,
                  0
                ],
                "blocks": "minecraft:mushroom_stem"
              },
              {
                "type": "minecraft:matching_blocks",
                "offset": [
                  -1,
                  1,
                  0
                ],
                "blocks": "minecraft:mushroom_stem"
              },
              {
                "type": "minecraft:matching_blocks",
                "offset": [
                  0,
                  1,
                  1
                ],
                "blocks": "minecraft:mushroom_stem"
              },
              {
                "type": "minecraft:matching_blocks",
                "offset": [
                  0,
                  1,
                  -1
                ],
                "blocks": "minecraft:mushroom_stem"
              }
            ]
          }
        },
        {
          "type": "minecraft:block_predicate_filter",
          "predicate": {
            "type": "minecraft:all_of",
            "predicates": [
              {
                "type": "minecraft:matching_blocks",
                "offset": [
                  1,
                  0,
                  0
                ],
                "blocks": "minecraft:air"
              },
              {
                "type": "minecraft:matching_blocks",
                "offset": [
                  -1,
                  0,
                  0
                ],
                "blocks": "minecraft:air"
              },
              {
                "type": "minecraft:matching_blocks",
                "offset": [
                  0,
                  0,
                  1
                ],
                "blocks": "minecraft:air"
              },
              {
                "type": "minecraft:matching_blocks",
                "offset": [
                  0,
                  0,
                  -1
                ],
                "blocks": "minecraft:air"
              }
            ]
          }
        }
      ]
    }
  }
}
