{
  "feature": {
    "type": "minecraft:random_selector",
    "config": {
      "features": [
        {
          "chance": 0.9,
          "feature": {
            "feature": {
              "type": "minecraft:replace_single_block",
              "config": {
                "targets": [
                  {
                    "target": {
                      "predicate_type": "minecraft:block_match",
                      "block": "minecraft:netherrack"
                    },
                    "state": {
                      "Name": "minecraft:nether_quartz_ore"
                    }
                  }
                ]
              }
            },
            "placement": [
              {
                "type": "minecraft:random_offset",
                "xz_spread": {
                  "type": "minecraft:uniform",
                  "value": {
                    "min_inclusive": -8,
                    "max_inclusive": 8
                  }
                },
                "y_spread": {
                  "type": "minecraft:uniform",
                  "value": {
                    "min_inclusive": -8,
                    "max_inclusive": 8
                  }
                }
              }
            ]
          }
        }
      ],
      "default": {
        "feature": "minecraft:ore_quartz",
        "placement": []
      }
    }
  },
  "placement": [
    {
      "type": "minecraft:carving_mask",
      "step": "air"
    },
    {
      "type": "minecraft:rarity_filter",
      "chance": 5
    }
  ]
}
