{
   "item.shotgun.fire":                 { "subtitle": "subtitle.cgm.fire",           "sounds": [{ "name": "cgm:item/shotgun/fire" }]},
   "item.shotgun.silenced_fire":        { "subtitle": "subtitle.cgm.fire.silenced",  "sounds": [{ "name": "cgm:item/shotgun/silenced_fire" }]},
   "item.shotgun.enchanted_fire":       { "subtitle": "subtitle.cgm.fire.enchanted", "sounds": [{ "name": "cgm:item/shotgun/enchanted_fire" }]},
   "item.shotgun.cock":                 { "subtitle": "subtitle.cgm.cock",           "sounds": [{ "name": "cgm:item/shotgun/cock" }]},
   "item.rifle.fire":                   { "subtitle": "subtitle.cgm.fire",           "sounds": [{ "name": "cgm:item/rifle/fire" }]},
   "item.rifle.silenced_fire":          { "subtitle": "subtitle.cgm.fire.silenced",  "sounds": [{ "name": "cgm:item/rifle/silenced_fire" }]},
   "item.rifle.enchanted_fire":         { "subtitle": "subtitle.cgm.fire.enchanted", "sounds": [{ "name": "cgm:item/rifle/enchanted_fire" }]},
   "item.rifle.cock":                   { "subtitle": "subtitle.cgm.cock",           "sounds": [{ "name": "cgm:item/rifle/cock" }]},
   "item.pistol.fire":                  { "subtitle": "subtitle.cgm.fire",           "sounds": [{ "name": "cgm:item/pistol/fire" }]},
   "item.pistol.silenced_fire":         { "subtitle": "subtitle.cgm.fire.silenced",  "sounds": [{ "name": "cgm:item/pistol/silenced_fire" }]},
   "item.pistol.enchanted_fire":        { "subtitle": "subtitle.cgm.fire.enchanted", "sounds": [{ "name": "cgm:item/pistol/enchanted_fire" }]},
   "item.pistol.reload":                { "subtitle": "subtitle.cgm.reload",         "sounds": [{ "name": "cgm:item/pistol/reload" }]},
   "item.pistol.cock":                  { "subtitle": "subtitle.cgm.cock",           "sounds": [{ "name": "cgm:item/pistol/cock" }]},
   "item.assault_rifle.fire":           { "subtitle": "subtitle.cgm.fire",           "sounds": [{ "name": "cgm:item/assault_rifle/fire" }]},
   "item.assault_rifle.silenced_fire":  { "subtitle": "subtitle.cgm.fire.silenced",  "sounds": [{ "name": "cgm:item/assault_rifle/silenced_fire" }]},
   "item.assault_rifle.enchanted_fire": { "subtitle": "subtitle.cgm.fire.enchanted", "sounds": [{ "name": "cgm:item/assault_rifle/enchanted_fire" }]},
   "item.assault_rifle.cock":           { "subtitle": "subtitle.cgm.cock",           "sounds": [{ "name": "cgm:item/assault_rifle/cock" }]},
   "item.grenade_launcher.fire":        { "subtitle": "subtitle.cgm.fire",           "sounds": [{ "name": "cgm:item/grenade_launcher/fire" }]},
   "item.bazooka.fire":                 { "subtitle": "subtitle.cgm.fire",           "sounds": [{ "name": "cgm:item/bazooka/fire", "stream": true }]},
   "item.mini_gun.fire":                { "subtitle": "subtitle.cgm.fire",           "sounds": [{ "name": "cgm:item/mini_gun/fire" }]},
   "item.mini_gun.enchanted_fire":      { "subtitle": "subtitle.cgm.fire.enchanted", "sounds": [{ "name": "cgm:item/mini_gun/enchanted_fire" }]},
   "item.machine_pistol.fire":          { "subtitle": "subtitle.cgm.fire",           "sounds": [{ "name": "cgm:item/machine_pistol/fire" }]},
   "item.machine_pistol.silenced_fire": { "subtitle": "subtitle.cgm.fire.silenced",  "sounds": [{ "name": "cgm:item/machine_pistol/silenced_fire" }]},
   "item.machine_pistol.enchanted_fire":{ "subtitle": "subtitle.cgm.fire.enchanted", "sounds": [{ "name": "cgm:item/machine_pistol/enchanted_fire" }]},
   "item.heavy_rifle.fire":             { "subtitle": "subtitle.cgm.fire",           "sounds": [{ "name": "cgm:item/heavy_rifle/fire" }]},
   "item.heavy_rifle.silenced_fire":    { "subtitle": "subtitle.cgm.fire.silenced",  "sounds": [{ "name": "cgm:item/heavy_rifle/silenced_fire" }]},
   "item.heavy_rifle.enchanted_fire":   { "subtitle": "subtitle.cgm.fire.enchanted", "sounds": [{ "name": "cgm:item/heavy_rifle/enchanted_fire" }]},
   "item.heavy_rifle.cock":             { "subtitle": "subtitle.cgm.cock",           "sounds": [{ "name": "cgm:item/heavy_rifle/cock" }]},
   "item.grenade.pin":                  { "subtitle": "subtitle.cgm.grenade.pin",    "sounds": [{ "name": "cgm:item/grenade/pin" }]},
   "entity.stun_grenade.explosion":     { "subtitle": "subtitle.cgm.stun.explosion", "sounds": [{ "name": "cgm:entity/stun_grenade/explosion" }]},
   "entity.stun_grenade.ring":          { "subtitle": "subtitle.cgm.stun.ring",      "sounds": [{ "name": "cgm:entity/stun_grenade/ring", "stream": true }]},
   "ui.weapon.attach":                  { "subtitle": "subtitle.cgm.attach",         "sounds": [{ "name": "cgm:ui/weapon/attach" }]}
}